Name,Slug,Taxonomy,Posts,Suggested,Decision,New section / merge into,Notes
UNISON News,unison-news,category,252,Keep,,,
Branch News,branch-news,category,186,Keep,,,
Pay,pay,category,171,Keep,,,
Agenda for Change,agenda-for-change,category,57,Keep,,,
Branch Secretary,branch-secretary,category,48,Keep,,,
Pensions,pensions,category,32,Keep,,,
Unsocial Hours,unsocial-hours,category,25,Keep,,,
General,general,category,24,Keep,,,
LAS News,las-news,category,20,Keep,,,
Event,event,category,19,Keep,,,
Health & Safety,healthandsafety,category,17,Keep,,,
Website News,website-news,category,15,Keep,,,
Other,other,category,13,Keep,,,
Benefits,benefits,category,12,Keep,,,
Stewards Resources,stewards-resources,category,12,Keep,,,
Welfare,welfare,category,12,Keep,,,
Current,current,category,8,Review / merge,,,
Action,action,category,7,Review / merge,,,
Communications,comms,category,6,Review / merge,,,
Education,education,category,6,Review / merge,,,
Equalities,equalities,category,6,Review / merge,,,
NHS News,nhs-news,category,5,Review / merge,,,
Membership,membership,category,4,Review / merge,,,
Retired,retired,category,4,Review / merge,,,
Elections,elections,category,4,Review / merge,,,
Labour Link,labour,category,3,Review / merge,,,
International,international,category,3,Review / merge,,,
Legal,legal,category,3,Review / merge,,,
Uncategorized,uncategorized,category,2,Drop,,,
Young Members,young-members,category,2,Review / merge,,,
National Executive Council,national-executive-council,category,2,Review / merge,,,
Campaign,campaign,category,2,Review / merge,,,
Private Ambulance,privates,category,1,Review / merge,,,
Sections,section,category,1,Review / merge,,,
E-Mail Service,e-mail-service,category,1,Review / merge,,,
Environment,environment,category,1,Review / merge,,,
NEC,nec,category,1,Review / merge,,,
Application,application,category,0,Review / merge,,,
Gadgets,gadgets,category,0,Review / merge,,,
Photography,photography,category,0,Review / merge,,,
Technology,technology,category,0,Review / merge,,,
Trending Now,trending-now,category,0,Review / merge,,,
Camden,camden,member_category,4,Keep (station),,,
New Malden,new-malden,member_category,4,Keep (station),,,
Romford,romford,member_category,4,Keep (station),,,
Brent,brent,member_category,3,Keep (station),,,
Croydon,croydon,member_category,3,Keep (station),,,
Croydon 111,croydon-111,member_category,3,Keep (station),,,
Edmonton,edmonton,member_category,3,Keep (station),,,
EOC,eoc,member_category,3,Keep (station),,,
Friern Barnet,friern-barnet,member_category,3,Keep (station),,,
Homerton,homerton,member_category,3,Keep (station),,,
Isleworth,isleworth,member_category,3,Keep (station),,,
Newham,newham,member_category,3,Keep (station),,,
St Helier,st-helier,member_category,3,Keep (station),,,
Whipps X,whipps-x,member_category,3,Keep (station),,,
Barnet,barnet,member_category,2,Keep (station),,,
Becontree,becontree,member_category,2,Keep (station),,,
Bloomsbury,bloomsbury,member_category,2,Keep (station),,,
Bounds Green,bounds-green,member_category,2,Keep (station),,,
Bow,bow,member_category,2,Keep (station),,,
Brixton,brixton,member_category,2,Keep (station),,,
Chase Farm,chase-farm,member_category,2,Keep (station),,,
Cody Road,cody-road,member_category,2,Keep (station),,,
Deptford,deptford,member_category,2,Keep (station),,,
Feltham,feltham,member_category,2,Keep (station),,,
Fulham,fulham,member_category,2,Keep (station),,,
Hanwell,hanwell,member_category,2,Keep (station),,,
"Hart West, Clock Tower Road",hart-west,member_category,2,Keep (station),,,
Hayes,hayes,member_category,2,Keep (station),,,
Heathrow Airport,heathrow-airport,member_category,2,Keep (station),,,
Heathrow CRU,heathrow-cru,member_category,2,Keep (station),,,
Hillingdon,hillingdon,member_category,2,Keep (station),,,
Ilford,ilford,member_category,2,Keep (station),,,
Islington,islington,member_category,2,Keep (station),,,
Kenton,kenton,member_category,2,Keep (station),,,
Mill Hill,mill-hill,member_category,2,Keep (station),,,
New Addington,new-addington,member_category,2,Keep (station),,,
Pinner,pinner,member_category,2,Keep (station),,,
Ponders End,ponders-end,member_category,2,Keep (station),,,
Putney,putney,member_category,2,Keep (station),,,
Ruislip,ruislip,member_category,2,Keep (station),,,
South Croydon,south-croydon,member_category,2,Keep (station),,,
St Johns Wood,st-johns-wood,member_category,2,Keep (station),,,
Sutton,sutton,member_category,2,Keep (station),,,
Tottenham,tottenham,member_category,2,Keep (station),,,
Waterloo,waterloo,member_category,2,Keep (station),,,
Waterloo HQ,waterloo-hq,member_category,2,Keep (station),,,
Wembley,wembley,member_category,2,Keep (station),,,
West Ham,west-ham,member_category,2,Keep (station),,,
Wimbledon,wimbledon,member_category,2,Keep (station),,,
Admin & Clerical,admin-clerical,member_category,1,Keep (station),,,
Battersea,battersea,member_category,1,Keep (station),,,
Beckenham,beckenham,member_category,1,Keep (station),,,
Bromley,bromley,member_category,1,Keep (station),,,
Chiswick,chiswick,member_category,1,Keep (station),,,
Coulsdon,coulsdon,member_category,1,Keep (station),,,
EBS,ebs,member_category,1,Keep (station),,,
Fleet,fleet,member_category,1,Keep (station),,,
Greenford,greenford,member_category,1,Keep (station),,,
Hornchurch,hornchurch,member_category,1,Keep (station),,,
IM&T,imt,member_category,1,Keep (station),,,
Lee,lee,member_category,1,Keep (station),,,
New Malden Education Centre,new-malden-education-centre,member_category,1,Keep (station),,,
North Kensington,north-kensington,member_category,1,Keep (station),,,
Oval,oval,member_category,1,Keep (station),,,
Poplar,poplar,member_category,1,Keep (station),,,
Richmond,richmond,member_category,1,Keep (station),,,
Shoreditch,shoreditch,member_category,1,Keep (station),,,
Silvertown,silvertown,member_category,1,Keep (station),,,
Smithfield,smithfield,member_category,1,Keep (station),,,
Streatham,streatham,member_category,1,Keep (station),,,
Tolworth,tolworth,member_category,1,Keep (station),,,
Twickenham,twickenham,member_category,1,Keep (station),,,
Walthamstow,walthamstow,member_category,1,Keep (station),,,
Westminster,westminster,member_category,1,Keep (station),,,
Barnehurst,barnehurst,member_category,0,Keep (station),,,
Forest Hill,forest-hill,member_category,0,Keep (station),,,
Greenwich,greenwich,member_category,0,Keep (station),,,
Mottingham,mottingham,member_category,0,Keep (station),,,
St Pauls Cray,st-pauls-cray,member_category,0,Keep (station),,,
Woolwich,woolwich,member_category,0,Keep (station),,,
unison,unison,post_tag,273,Review (consolidate),,,
pay,pay-2,post_tag,179,Review (consolidate),,,
afc,afc,post_tag,129,Review (consolidate),,,
las,las,post_tag,120,Review (consolidate),,,
talks,talks,post_tag,117,Review (consolidate),,,
government,government,post_tag,115,Review (consolidate),,,
NHS,nhs,post_tag,92,Review (consolidate),,,
branch,branch,post_tag,88,Review (consolidate),,,
strike,strike,post_tag,54,Review (consolidate),,,
consultation,consultation,post_tag,52,Review (consolidate),,,
ballot,ballot,post_tag,50,Review (consolidate),,,
covid 19,covid-19,post_tag,47,Review (consolidate),,,
branch secretary,branch-secretary,post_tag,42,Review (consolidate),,,
ambulance,ambulance,post_tag,39,Review (consolidate),,,
vote,vote,post_tag,34,Review (consolidate),,,
benefits,benefits,post_tag,21,Review (consolidate),,,
health & safety,health-safety,post_tag,21,Review (consolidate),,,
paramedic,paramedic,post_tag,21,Review (consolidate),,,
pension,pension,post_tag,21,Review (consolidate),,,
pensions,pensions-2,post_tag,21,Review (consolidate),,,
survey,survey,post_tag,20,Review (consolidate),,,
welfare,welfare,post_tag,19,Review (consolidate),,,
communications,communications,post_tag,15,Review (consolidate),,,
election,election,post_tag,14,Review (consolidate),,,
general secretary,general-secretary,post_tag,13,Review (consolidate),,,
chief executive,chief-executive,post_tag,11,Review (consolidate),,,
EMT,emt,post_tag,10,Review (consolidate),,,
rest breaks,rest-breaks,post_tag,10,Review (consolidate),,,
A&E Support,ae-support,post_tag,9,Review (consolidate),,,
EAC,eac,post_tag,9,Review (consolidate),,,
hcpc,hcpc,post_tag,8,Review (consolidate),,,
prentis,prentis,post_tag,8,Review (consolidate),,,
green family,green-family,post_tag,7,Review (consolidate),,,
website,website,post_tag,7,Review (consolidate),,,
a time for change,a-time-for-change,post_tag,6,Review (consolidate),,,
labour,labour,post_tag,6,Review (consolidate),,,
NEC,nec,post_tag,6,Review (consolidate),,,
president,president,post_tag,6,Review (consolidate),,,
pay review body,pay-review-body,post_tag,6,Review (consolidate),,,
PRB,prb,post_tag,6,Review (consolidate),,,
eric,eric,post_tag,5,Review (consolidate),,,
campaign,campaign,post_tag,5,Review (consolidate),,,
dave,dave,post_tag,4,Review (consolidate),,,
Education,education,post_tag,4,Review (consolidate),,,
Legal,legal,post_tag,4,Review (consolidate),,,
action,action,post_tag,4,Review (consolidate),,,
agm,agm,post_tag,3,Review (consolidate),,,
annual leave,annual-leave,post_tag,3,Review (consolidate),,,
labour link,labour-link,post_tag,3,Review (consolidate),,,
march,march,post_tag,3,Review (consolidate),,,
equalities,equalities,post_tag,3,Review (consolidate),,,
TUC,tuc,post_tag,3,Review (consolidate),,,
International,international,post_tag,3,Review (consolidate),,,
law,law,post_tag,3,Review (consolidate),,,
there for you,there-for-you,post_tag,3,Review (consolidate),,,
Health,health,post_tag,3,Review (consolidate),,,
service,service,post_tag,3,Review (consolidate),,,
rise,rise,post_tag,3,Review (consolidate),,,
briefing,briefing,post_tag,3,Review (consolidate),,,
retirement,retirement,post_tag,3,Review (consolidate),,,
age,age,post_tag,3,Review (consolidate),,,
MAP,map,post_tag,2,Review (consolidate),,,
NQP,nqp,post_tag,2,Review (consolidate),,,
environment,environment,post_tag,2,Review (consolidate),,,
uniform,uniform,post_tag,2,Review (consolidate),,,
Compensation,compensation,post_tag,2,Review (consolidate),,,
pay deal,pay-deal,post_tag,2,Review (consolidate),,,
crisis,crisis,post_tag,2,Review (consolidate),,,
functional skills,functional-skills,post_tag,2,Review (consolidate),,,
GCSE,gcse,post_tag,2,Review (consolidate),,,
finance,finance,post_tag,2,Review (consolidate),,,
assistance,assistance,post_tag,2,Review (consolidate),,,
grant,grant,post_tag,2,Review (consolidate),,,
banding,banding,post_tag,2,Review (consolidate),,,
advice and guidance,advice-and-guidance,post_tag,1,Review (consolidate),,,
agenda 4 change,agenda-4-change,post_tag,1,Review (consolidate),,,
apps,apps,post_tag,1,Review (consolidate),,,
attendance,attendance,post_tag,1,Review (consolidate),,,
branch chair,branch-chair,post_tag,1,Review (consolidate),,,
competition,competition,post_tag,1,Review (consolidate),,,
cookie,cookie,post_tag,1,Review (consolidate),,,
Corona,corona,post_tag,1,Review (consolidate),,,
croyde bay,croyde-bay,post_tag,1,Review (consolidate),,,
demonstration,demonstration,post_tag,1,Review (consolidate),,,
disciplinary,disciplinary,post_tag,1,Review (consolidate),,,
disciplinary policy,disciplinary-policy,post_tag,1,Review (consolidate),,,
family,family,post_tag,1,Review (consolidate),,,
free stuff,free-stuff,post_tag,1,Review (consolidate),,,
fun,fun,post_tag,1,Review (consolidate),,,
Grievance,grievance,post_tag,1,Review (consolidate),,,
grievance policy,grievance-policy,post_tag,1,Review (consolidate),,,
managing attendance,managing-attendance,post_tag,1,Review (consolidate),,,
maternity,maternity,post_tag,1,Review (consolidate),,,
maternity leave,maternity-leave,post_tag,1,Review (consolidate),,,
maternity policy,maternity-policy,post_tag,1,Review (consolidate),,,
mind,mind,post_tag,1,Review (consolidate),,,
mobile,mobile,post_tag,1,Review (consolidate),,,
noticeboard,noticeboard,post_tag,1,Review (consolidate),,,
pregancy,pregancy,post_tag,1,Review (consolidate),,,
pregnant,pregnant,post_tag,1,Review (consolidate),,,
PTS,pts,post_tag,1,Review (consolidate),,,
TFL,tfl,post_tag,1,Review (consolidate),,,
vehicles,vehicles,post_tag,1,Review (consolidate),,,
white ribbon,white-ribbon,post_tag,1,Review (consolidate),,,
young members,young-members,post_tag,1,Review (consolidate),,,
young workers,young-workers,post_tag,1,Review (consolidate),,,
PPE,ppe,post_tag,1,Review (consolidate),,,
branch news,branch-news,post_tag,1,Review (consolidate),,,
bame,bame,post_tag,1,Review (consolidate),,,
charity,charity,post_tag,1,Review (consolidate),,,
Mayor of London,mayor-of-london,post_tag,1,Review (consolidate),,,
training,training,post_tag,1,Review (consolidate),,,
Data,data,post_tag,1,Review (consolidate),,,
Ukraine,ukraine,post_tag,1,Review (consolidate),,,
Eric Roberts,eric-roberts,post_tag,1,Review (consolidate),,,
SGE,sge,post_tag,1,Review (consolidate),,,
Thompsons,thompsons,post_tag,1,Review (consolidate),,,
deal,deal,post_tag,1,Review (consolidate),,,
head of health,head-of-health,post_tag,1,Review (consolidate),,,
gorton,gorton,post_tag,1,Review (consolidate),,,
membership,membership,post_tag,1,Review (consolidate),,,
agreement,agreement,post_tag,1,Review (consolidate),,,
protest,protest,post_tag,1,Review (consolidate),,,
righttostrike,righttostrike,post_tag,1,Review (consolidate),,,
parliament,parliament,post_tag,1,Review (consolidate),,,
bill,bill,post_tag,1,Review (consolidate),,,
bonus,bonus,post_tag,1,Review (consolidate),,,
make ready,make-ready,post_tag,1,Review (consolidate),,,
claim,claim,post_tag,1,Review (consolidate),,,
care,care,post_tag,1,Review (consolidate),,,
israel,israel,post_tag,1,Review (consolidate),,,
Palestine,palestine,post_tag,1,Review (consolidate),,,
Gaza,gaza,post_tag,1,Review (consolidate),,,
humanitarian,humanitarian,post_tag,1,Review (consolidate),,,
mathematics,mathematics,post_tag,1,Review (consolidate),,,
english,english,post_tag,1,Review (consolidate),,,
qualifications,qualifications,post_tag,1,Review (consolidate),,,
money,money,post_tag,1,Review (consolidate),,,
loan,loan,post_tag,1,Review (consolidate),,,
hardship,hardship,post_tag,1,Review (consolidate),,,
cost of living,cost-of-living,post_tag,1,Review (consolidate),,,
winter,winter,post_tag,1,Review (consolidate),,,
fuel,fuel,post_tag,1,Review (consolidate),,,
financial aid,financial-aid,post_tag,1,Review (consolidate),,,
fight,fight,post_tag,1,Review (consolidate),,,
stress,stress,post_tag,1,Review (consolidate),,,
burn out,burn-out,post_tag,1,Review (consolidate),,,
harrassement,harrassement,post_tag,1,Review (consolidate),,,
wellbeing,wellbeing,post_tag,1,Review (consolidate),,,
court,court,post_tag,1,Review (consolidate),,,
supreme,supreme,post_tag,1,Review (consolidate),,,
minimum,minimum,post_tag,1,Review (consolidate),,,
group,group,post_tag,1,Review (consolidate),,,
executive,executive,post_tag,1,Review (consolidate),,,
elections,elections,post_tag,1,Review (consolidate),,,
aid,aid,post_tag,1,Review (consolidate),,,
help,help,post_tag,1,Review (consolidate),,,
school,school,post_tag,1,Review (consolidate),,,
income,income,post_tag,1,Review (consolidate),,,
job evaluation,job-evaluation,post_tag,1,Review (consolidate),,,
managers,managers,post_tag,1,Review (consolidate),,,
staff side,staff-side,post_tag,1,Review (consolidate),,,
working,working,post_tag,1,Review (consolidate),,,
week,week,post_tag,1,Review (consolidate),,,
unity,unity,post_tag,1,Review (consolidate),,,
riots,riots,post_tag,1,Review (consolidate),,,
hope not hate,hope-not-hate,post_tag,1,Review (consolidate),,,
unity is our strength,unity-is-our-strength,post_tag,1,Review (consolidate),,,
meeting,meeting,post_tag,1,Review (consolidate),,,
reps,reps,post_tag,1,Review (consolidate),,,
timefortalks,timefortalks,post_tag,1,Review (consolidate),,,
April,april,post_tag,1,Review (consolidate),,,
Strategy,strategy,post_tag,1,Review (consolidate),,,
award,award,post_tag,1,Review (consolidate),,,
green,green,post_tag,1,Review (consolidate),,,
giveaway,giveaway,post_tag,1,Review (consolidate),,,
seeds,seeds,post_tag,1,Review (consolidate),,,
solidarity,solidarity,post_tag,1,Review (consolidate),,,
attacks,attacks,post_tag,1,Review (consolidate),,,
terrorism,terrorism,post_tag,1,Review (consolidate),,,
politics,politics,post_tag,1,Review (consolidate),,,
Manchester,manchester,post_tag,1,Review (consolidate),,,
antisemitism,antisemitism,post_tag,1,Review (consolidate),,,
learning,learning,post_tag,1,Review (consolidate),,,
tuition,tuition,post_tag,1,Review (consolidate),,,
salary,salary,post_tag,1,Review (consolidate),,,
wages,wages,post_tag,1,Review (consolidate),,,
inflation,inflation,post_tag,1,Review (consolidate),,,
percent,percent,post_tag,1,Review (consolidate),,,
industrial action,industrial-action,post_tag,1,Review (consolidate),,,
HSGE,hsge,post_tag,1,Review (consolidate),,,
emergency,emergency,post_tag,1,Review (consolidate),,,
111,111,post_tag,1,Review (consolidate),,,
IUC,iuc,post_tag,1,Review (consolidate),,,
urgent care,urgent-care,post_tag,1,Review (consolidate),,,
call takers,call-takers,post_tag,1,Review (consolidate),,,
agenda for change,agenda-for-change,post_tag,1,Review (consolidate),,,
buses,buses,post_tag,0,Review (consolidate),,,
congestion charge,congestion-charge,post_tag,0,Review (consolidate),,,
london,london,post_tag,0,Review (consolidate),,,
underground,underground,post_tag,0,Review (consolidate),,,
web,web,post_tag,0,Review (consolidate),,,
camera,camera,post_tag,0,Review (consolidate),,,
ipad,ipad,post_tag,0,Review (consolidate),,,
laptop,laptop,post_tag,0,Review (consolidate),,,
watch,watch,post_tag,0,Review (consolidate),,,
