ID,Title,Slug,Date,Type,File / URL,Suggested,Decision,Notes
8379,London RSPF staff safety demonstration statement - May 2026,london-rspf-staff-safety-demonstration-statement-may-2026,2026-05-15,pdf,https://lasunison.co.uk/wp-content/uploads/2026/05/London-RSPF-staff-safety-demonstration-statement-May-2026.pdf,Keep (recent),,
8293,Retired Members Newsletter WinterSpring 2025,retired-members-newsletter-winterspring-2025,2025-04-21,pdf,https://lasunison.co.uk/wp-content/uploads/2025/04/Retired-Members-Newsletter-WinterSpring-2025.pdf,Keep (recent),,
8280,Guide to Claims,guide-to-claims,2025-02-16,pdf,https://lasunison.co.uk/wp-content/uploads/2025/02/Guide-to-Claims.pdf,Keep (form/reference),,
8278,EDUCATION COURSE DATES - JANUARY - JULY 2025 - 13.1.2025,education-course-dates-january-july-2025-13-1-2025,2025-02-16,vnd.openxmlformats-officedocument.wordprocessingml.document,https://lasunison.co.uk/wp-content/uploads/2025/02/EDUCATION-COURSE-DATES-JANUARY-JULY-2025-13.1.2025.docx,Keep (recent),,
7396,Functional Skills 2024,functional-skills-2024,2023-11-28,pdf,https://lasunison.co.uk/wp-content/uploads/2023/11/Functional-Skills-2024.pdf,Keep (recent),,
7121,Branch-briefing-England-pay-deal-implementation,branch-briefing-england-pay-deal-implementation,2023-05-09,pdf,https://lasunison.co.uk/wp-content/uploads/2023/05/Branch-briefing-England-pay-deal-implementation.pdf,Keep (recent),,
7093,Green,green-3,2023-04-25,pdf,https://lasunison.co.uk/wp-content/uploads/2023/04/Green-2.pdf,Keep (recent),,
7092,Green,green-2,2023-04-25,pdf,https://lasunison.co.uk/wp-content/uploads/2023/04/Green-1.pdf,Keep (recent),,
7091,Green,green,2023-04-25,pdf,https://lasunison.co.uk/wp-content/uploads/2023/04/Green.pdf,Keep (recent),,
7080,6000,6000,2023-04-20,pdf,https://lasunison.co.uk/wp-content/uploads/2023/04/6000.pdf,Keep (recent),,
6980,LAS+Annual+Leave+Policy,lasannualleavepolicy,2023-03-05,pdf,https://lasunison.co.uk/wp-content/uploads/2023/03/LASAnnualLeavePolicy.pdf,Keep (form/reference),,
6979,Flexible+Working+Policy+1,flexibleworkingpolicy1,2023-03-05,pdf,https://lasunison.co.uk/wp-content/uploads/2023/03/FlexibleWorkingPolicy1.pdf,Keep (form/reference),,
6978,The-case-for-investment-in-NHS-pay-2023,the-case-for-investment-in-nhs-pay-2023-2,2023-03-05,pdf,https://lasunison.co.uk/wp-content/uploads/2023/03/The-case-for-investment-in-NHS-pay-2023.pdf,Keep (recent),,
6977,26274_Notification_of_workplace_representative_NEW (1),26274_notification_of_workplace_representative_new-1,2023-03-05,pdf,https://lasunison.co.uk/wp-content/uploads/2023/03/26274_Notification_of_workplace_representative_NEW-1.pdf,Keep (recent),,
6877,The-case-for-investment-in-NHS-pay-2023,the-case-for-investment-in-nhs-pay-2023,2023-01-14,pdf,https://lasunison.co.uk/wp-content/uploads/2023/01/The-case-for-investment-in-NHS-pay-2023.pdf,Keep (recent),,
6863,Unison London Map 2019 version,unison-london-map-2019-version,2023-01-04,pdf,https://lasunison.co.uk/wp-content/uploads/2023/01/Unison-London-Map-2019-version.pdf,Keep (recent),,
6862,Unison London HandS Map 2022,unison-london-hands-map-2022,2023-01-04,pdf,https://lasunison.co.uk/wp-content/uploads/2023/01/Unison-London-HandS-Map-2022.pdf,Keep (recent),,
6861,LAS be on the safe side poster,las-be-on-the-safe-side-poster,2023-01-04,pdf,https://lasunison.co.uk/wp-content/uploads/2023/01/LAS-be-on-the-safe-side-poster.pdf,Keep (form/reference),,
6860,info poster,info-poster,2023-01-04,pdf,https://lasunison.co.uk/wp-content/uploads/2023/01/info-poster.pdf,Keep (form/reference),,
6859,essential cover poster,essential-cover-poster,2023-01-04,pdf,https://lasunison.co.uk/wp-content/uploads/2023/01/essential-cover-poster.pdf,Keep (form/reference),,
6858,functional skills 2023,functional-skills-2023-v3,2023-01-04,pdf,https://lasunison.co.uk/wp-content/uploads/2023/01/functional-skills-2023-v3.pdf,Keep (recent),,
6857,book grant poster 2019,book-grant-poster-2019,2023-01-04,pdf,https://lasunison.co.uk/wp-content/uploads/2023/01/book-grant-poster-2019.pdf,Keep (form/reference),,
6830,What is a Trade Union Leaflet,on-line-catalogue221582,2022-12-28,pdf,https://lasunison.co.uk/wp-content/uploads/2022/12/On-line-Catalogue221582.pdf,Keep (recent),,
6775,your health and safety rep,your-health-and-safety-rep,2022-12-28,pdf,https://lasunison.co.uk/wp-content/uploads/2022/12/your-health-and-safety-rep.pdf,Keep (recent),,
6774,Your LAS Steward is,your-las-steward-is,2022-12-28,pdf,https://lasunison.co.uk/wp-content/uploads/2022/12/Your-LAS-Steward-is.pdf,Keep (recent),,
6718,I Support Ambulance Workers - White,i-support-ambulance-workers-white-2,2022-12-24,pdf,https://lasunison.co.uk/wp-content/uploads/mdocs/Support LAS Placard Version 2 (1)_Part4.pdf,Keep (recent),,
6716,We support ambulance workers - White,we-support-ambulance-workers-white-2,2022-12-24,pdf,https://lasunison.co.uk/wp-content/uploads/mdocs/Support LAS Placard Version 2 (1)_Part3.pdf,Keep (recent),,
6714,We support ambulance workers - Purple,we-support-ambulance-workers-purple-2,2022-12-24,pdf,https://lasunison.co.uk/wp-content/uploads/mdocs/Support LAS Placard Version 2 (1)_Part2.pdf,Keep (recent),,
6712,I Support Ambulance Workers - Purple,i-support-ambulance-workers-purple-2,2022-12-24,pdf,https://lasunison.co.uk/wp-content/uploads/mdocs/Support LAS Placard Version 2 (1)_Part1.pdf,Keep (recent),,
6449,DRAFT. LAS Annual Leave Policy,draft-las-annual-leave-policy-3,2022-09-24,pdf,https://lasunison.co.uk/wp-content/uploads/2022/09/DRAFT.-LAS-Annual-Leave-Policy.pdf,Keep (form/reference),,
6445,Draft - LAS Annual Leave Policy,draft-las-annual-leave-policy-2,2022-09-22,pdf,https://lasunison.co.uk/wp-content/uploads/mdocs/DRAFT. LAS Annual Leave Policy.pdf,Keep (form/reference),,
6336,Get help with school clothing 2022 poster,get-help-with-school-clothing-2022-poster-2,2022-06-06,pdf,https://lasunison.co.uk/wp-content/uploads/mdocs/2022 School Clothing Grant.pdf,Keep (form/reference),,
6196,Functional Skills,functional-skills-2,2022-03-28,pdf,https://lasunison.co.uk/wp-content/uploads/mdocs/functional skills 2022.pdf,Keep (recent),,
5931,Annual Report 2022,annual-report-2022-2,2022-03-13,pdf,https://lasunison.co.uk/wp-content/uploads/mdocs/AGM Annual Report 2022 v2.pdf,Keep (recent),,
5909,OUT IN LONDON - GLR LGBT+ Newsletter Feb 2022,out-in-london-glr-lgbt-newsletter-feb-2022-2,2022-02-08,pdf,https://lasunison.co.uk/wp-content/uploads/mdocs/Out in London - GLR LGBT+ Newsletter Feb 2022.pdf,Keep (recent),,
5895,GL Regional Retired Members Committee - WINTER NEWSLETTER JANUARY 2022,gl-regional-retired-members-committee-winter-newsletter-january-2022-2,2022-01-24,pdf,https://lasunison.co.uk/wp-content/uploads/mdocs/Jan 22 Newsletter electronic.pdf,Keep (recent),,
5882,agm 2022,agm-2022,2022-01-19,pdf,https://lasunison.co.uk/wp-content/uploads/2021/02/AGM-2022.pdf,Keep (form/reference),,
5858,COVID-19 vaccination status requirements in the workplace,covid-19-vaccination-status-requirements-in-the-workplace-2,2021-11-27,pdf,https://lasunison.co.uk/wp-content/uploads/mdocs/COVID-19-vaccination-status-requirements-in-the-workplace-v3i.pdf,Keep (recent),,
5851,Young Members Newsletter - November 2021,young-members-newsletter-november-2021-2,2021-11-08,pdf,https://lasunison.co.uk/wp-content/uploads/mdocs/GLR YM Newsletter Nov.pdf,Keep (recent),,
5790,Letter to CEO on Estates Strategy & Consolidation,letter-to-ceo-on-estates-strategy-consolidation-2,2021-09-11,pdf,https://lasunison.co.uk/wp-content/uploads/mdocs/Consol.Estates DOC.pdf,Keep (recent),,
5766,26484-NHS-pay-your-say-A3-poster,26484-nhs-pay-your-say-a3-poster,2021-08-05,pdf,https://lasunison.co.uk/wp-content/uploads/2021/08/26484-NHS-pay-your-say-A3-poster.pdf,Keep (form/reference),,
5545,Green Environmental Ambulance Network - Green Passport,green-environmental-ambulance-network-green-passport-2,2021-02-28,pdf,https://lasunison.co.uk/wp-content/uploads/mdocs/GrEAN_passport_large.pdf,Keep (recent),,
5520,Retirement Grant,retirement-grant-2,2021-02-04,pdf,https://lasunison.co.uk/wp-content/uploads/mdocs/Retirement expenses template1.pdf,Keep (form/reference),,
5423,Branch Meeting - December 2020,branch-meeting-december-2020-2,2021-01-22,pdf,https://lasunison.co.uk/wp-content/uploads/mdocs/Branch Minutes Dec20.pdf,Keep (recent),,
5387,Your Health & Safety Rep is.........,your-health-safety-rep-is-2,2020-12-20,pdf,https://lasunison.co.uk/wp-content/uploads/mdocs/Your H&amp;S rep is.pdf,Keep (recent),,
5385,Your Steward is.......,your-steward-is-2,2020-12-20,pdf,https://lasunison.co.uk/wp-content/uploads/mdocs/Your steward is.pdf,Keep (recent),,
5339,Update Your Details - 2020 version,update-your-details-2020-version-2,2020-11-28,pdf,https://lasunison.co.uk/wp-content/uploads/mdocs/update your details - 2020.pdf,Keep (recent),,
5289,London SPF letter to Transport Secretary - 28 October 2020,london-spf-letter-to-transport-secretary-28-october-2020,2020-10-29,pdf,https://lasunison.co.uk/wp-content/uploads/2020/10/London-SPF-letter-to-Transport-Secretary-28-October-2020.pdf,Keep (recent),,
5007,Ambulance Charity Pin Badge,ambulance-charity-pin-badge-2,2020-06-12,pdf,https://lasunison.co.uk/wp-content/uploads/mdocs/TASC poster.pdf,Keep (recent),,
4990,Are you at risk? Health and Safety Poster,are-you-at-risk-health-and-safety-poster-2,2020-06-10,pdf,https://lasunison.co.uk/wp-content/uploads/mdocs/233521.pdf,Keep (form/reference),,
4939,How does LAS UNISON work for you?,how-does-las-unison-work-for-you-2,2020-05-26,pdf,https://lasunison.co.uk/wp-content/uploads/mdocs/Poster 2 (3).pdf,Keep (recent),,
4920,Working Safely with Covid,working-safely-with-covid-2,2020-05-23,pdf,https://lasunison.co.uk/wp-content/uploads/mdocs/H&amp;S - Covid - 23 May 2020.pdf,Keep (recent),,
4904,Blueprint for Return - NHS Trade Unions,blueprint-for-return-nhs-trade-unions-2,2020-05-15,pdf,https://lasunison.co.uk/wp-content/uploads/mdocs/Blueprint (1).pdf,Keep (recent),,
4891,LAS Bulletin on Annual Leave carry over due to Covid,las-bulletin-on-annual-leave-carry-over-due-to-covid-2,2020-05-10,pdf,https://lasunison.co.uk/wp-content/uploads/mdocs/People &amp; Culture Annual Leave guidance 08 May (002) (1).pdf,Keep (recent),,
4868,LAS UNISON - April 2020 Newsletter,las-unison-april-2020-newsletter-2,2020-04-30,pdf,https://lasunison.co.uk/wp-content/uploads/mdocs/April News (1).pdf,Keep (recent),,
4846,EMT Pay Journey Update,emt-pay-journey-update-2,2020-04-26,pdf,https://lasunison.co.uk/wp-content/uploads/mdocs/EMT full.pdf,Keep (recent),,
4828,Personal Protective Equipment - A guide for UNISON health branches,personal-protective-equipment-a-guide-for-unison-health-branches-2,2020-04-21,pdf,https://lasunison.co.uk/wp-content/uploads/mdocs/26076 (1).pdf,Keep (recent),,
4818,Working During Ramadan 2020,working-during-ramadan-2020-2,2020-04-19,pdf,https://lasunison.co.uk/wp-content/uploads/mdocs/Equalities - April 20.pdf,Keep (recent),,
4764,PPE Update,ppe-update-2,2020-04-01,pdf,https://lasunison.co.uk/wp-content/uploads/mdocs/PPE Update 1st April 2020 FINAL.pdf,Keep (recent),,
4757,NHS Covid-19 workforce guidance (England) –a guide for UNISON branches,nhs-covid-19-workforce-guidance-england-a-guide-for-unison-branches-2,2020-03-31,pdf,https://lasunison.co.uk/wp-content/uploads/mdocs/Branch guide (England) Covid terms and conditions and workforce policies (1).pdf,Keep (recent),,
4699,attachment,attachment-2,2020-03-25,pdf,https://lasunison.co.uk/wp-content/uploads/mdocs/attachment.pdf,Keep (recent),,
4701,kyr-understanding-grievances,kyr-understanding-grievances-2,2020-03-25,pdf,https://lasunison.co.uk/wp-content/uploads/mdocs/kyr-understanding-grievances.pdf,Keep (recent),,
4703,stewardspocketguide,stewardspocketguide-2,2020-03-25,pdf,https://lasunison.co.uk/wp-content/uploads/mdocs/stewardspocketguide.pdf,Keep (recent),,
4693,6 pack,6-pack-2,2020-03-25,pdf,https://lasunison.co.uk/wp-content/uploads/mdocs/6 pack.pdf,Keep (recent),,
4695,TUC-MENTAL_HEALTH_WORKPLACE,tuc-mental_health_workplace-2,2020-03-25,pdf,https://lasunison.co.uk/wp-content/uploads/mdocs/TUC-MENTAL_HEALTH_WORKPLACE.pdf,Keep (recent),,
4697,UNISON-Branch-Data-Protection-Handbook-updated-February-2018,unison-branch-data-protection-handbook-updated-february-2018-2,2020-03-25,pdf,https://lasunison.co.uk/wp-content/uploads/mdocs/UNISON-Branch-Data-Protection-Handbook-updated-February-2018.pdf,Keep (recent),,
4673,Case Form - Aug 18,case-form-aug-18-2,2020-03-25,pdf,https://lasunison.co.uk/wp-content/uploads/mdocs/Case Form - Aug 18.pdf,Keep (form/reference),,
4675,Eduational Grant template,eduational-grant-template-2,2020-03-25,pdf,https://lasunison.co.uk/wp-content/uploads/mdocs/Eduational Grant template.pdf,Keep (form/reference),,
4677,Education expenses template,education-expenses-template-2,2020-03-25,pdf,https://lasunison.co.uk/wp-content/uploads/mdocs/Education expenses template.pdf,Keep (form/reference),,
4679,Expenses template 2020 continuation sheet,expenses-template-2020-continuation-sheet-2,2020-03-25,pdf,https://lasunison.co.uk/wp-content/uploads/mdocs/Expenses template 2020 continuation sheet.pdf,Keep (form/reference),,
4681,Expenses template 2020_,expenses-template-2020_-2,2020-03-25,pdf,https://lasunison.co.uk/wp-content/uploads/mdocs/Expenses template 2020_.pdf,Keep (form/reference),,
4683,LAS UNISON Station Bulletin Template1,las-unison-station-bulletin-template1-2,2020-03-25,vnd.openxmlformats-officedocument.wordprocessingml.template,https://lasunison.co.uk/wp-content/uploads/mdocs/LAS UNISON Station Bulletin Template1.dotx,Keep (form/reference),,
4685,Retirement expenses template,retirement-expenses-template-2,2020-03-25,pdf,https://lasunison.co.uk/wp-content/uploads/mdocs/Retirement expenses template.pdf,Keep (form/reference),,
4687,lasunisonpowerpointtemplate,lasunisonpowerpointtemplate-2,2020-03-25,vnd.openxmlformats-officedocument.presentationml.template,https://lasunison.co.uk/wp-content/uploads/mdocs/lasunisonpowerpointtemplate.potx,Keep (form/reference),,
4689,new unison join form 2018 v2,new-unison-join-form-2018-v2-2,2020-03-25,pdf,https://lasunison.co.uk/wp-content/uploads/mdocs/new unison join form 2018 v2.pdf,Keep (form/reference),,
4691,rta form,rta-form-3,2020-03-25,pdf,https://lasunison.co.uk/wp-content/uploads/mdocs/rta form.pdf,Keep (form/reference),,
4665,mind leaflet,mind-leaflet-2,2020-03-25,pdf,https://lasunison.co.uk/wp-content/uploads/mdocs/mind leaflet.pdf,Keep (recent),,
4667,poster template,poster-template-2,2020-03-25,pdf,https://lasunison.co.uk/wp-content/uploads/mdocs/poster template.pdf,Keep (form/reference),,
4669,recruitmentleaflet,recruitmentleaflet-2,2020-03-25,pdf,https://lasunison.co.uk/wp-content/uploads/mdocs/recruitmentleaflet.pdf,Keep (recent),,
4671,website poster,website-poster-2,2020-03-25,pdf,https://lasunison.co.uk/wp-content/uploads/mdocs/website poster.pdf,Keep (form/reference),,
4643,Join poster control,join-poster-control-2,2020-03-25,pdf,https://lasunison.co.uk/wp-content/uploads/mdocs/Join poster control.pdf,Keep (form/reference),,
4645,Join poster paramedics,join-poster-paramedics-2,2020-03-25,pdf,https://lasunison.co.uk/wp-content/uploads/mdocs/Join poster paramedics.pdf,Keep (form/reference),,
4647,Join poster,join-poster-2,2020-03-25,pdf,https://lasunison.co.uk/wp-content/uploads/mdocs/Join poster.pdf,Keep (form/reference),,
4649,Recruitment leaflet - EMD,recruitment-leaflet-emd-2,2020-03-25,pdf,https://lasunison.co.uk/wp-content/uploads/mdocs/Recruitment leaflet - EMD.pdf,Keep (recent),,
4651,Recruitment leaflet - NETS,recruitment-leaflet-nets-2,2020-03-25,pdf,https://lasunison.co.uk/wp-content/uploads/mdocs/Recruitment leaflet - NETS.pdf,Keep (recent),,
4653,Recruitment leaflet,recruitment-leaflet-3,2020-03-25,pdf,https://lasunison.co.uk/wp-content/uploads/mdocs/Recruitment leaflet.pdf,Keep (recent),,
4655,Unison London Map 2017 version,unison-london-map-2017-version-2,2020-03-25,pdf,https://lasunison.co.uk/wp-content/uploads/mdocs/Unison London Map 2017 version.pdf,Keep (recent),,
4657,book grant poster 2019,book-grant-poster-2019-2,2020-03-25,pdf,https://lasunison.co.uk/wp-content/uploads/mdocs/book grant poster 2019.pdf,Keep (form/reference),,
4659,functional skills 2020,functional-skills-2020-2,2020-03-25,pdf,https://lasunison.co.uk/wp-content/uploads/mdocs/functional skills 2020.pdf,Keep (recent),,
4661,lottery leaflet,lottery-leaflet-2,2020-03-25,pdf,https://lasunison.co.uk/wp-content/uploads/mdocs/lottery leaflet.pdf,Keep (recent),,
4663,lottery poster,lottery-poster-2,2020-03-25,pdf,https://lasunison.co.uk/wp-content/uploads/mdocs/lottery poster.pdf,Keep (form/reference),,
4639,AGM Poster 2020,agm-poster-2020-2,2020-03-25,pdf,https://lasunison.co.uk/wp-content/uploads/mdocs/AGM Poster 2020.pdf,Keep (form/reference),,
4623,2013-08-01hr022managingattendancepolicyv42,2013-08-01hr022managingattendancepolicyv42-2,2020-03-25,pdf,https://lasunison.co.uk/wp-content/uploads/mdocs/2013-08-01hr022managingattendancepolicyv42.pdf,Keep (form/reference),,
4625,2014-12-04hr017maternityleaveandpaypolicyv2.2,2014-12-04hr017maternityleaveandpaypolicyv2-2-2,2020-03-25,pdf,https://lasunison.co.uk/wp-content/uploads/mdocs/2014-12-04hr017maternityleaveandpaypolicyv2.2.pdf,Keep (form/reference),,
4627,2015-07-01hr021disciplinarypolicyandprocedure3.3,2015-07-01hr021disciplinarypolicyandprocedure3-3-2,2020-03-25,pdf,https://lasunison.co.uk/wp-content/uploads/mdocs/2015-07-01hr021disciplinarypolicyandprocedure3.3.pdf,Keep (form/reference),,
4629,2016-07-15 Draft Annual Leave Arrangements v0 32 -January 2019,2016-07-15-draft-annual-leave-arrangements-v0-32-january-2019-2,2020-03-25,pdf,https://lasunison.co.uk/wp-content/uploads/mdocs/2016-07-15 Draft Annual Leave Arrangements v0 32 -January 2019.pdf,Keep (recent),,
4631,2018-10-2 OP001 Uniform Work Wear Policy v5.7,2018-10-2-op001-uniform-work-wear-policy-v5-7-2,2020-03-25,pdf,https://lasunison.co.uk/wp-content/uploads/mdocs/2018-10-2 OP001 Uniform Work Wear Policy v5.7.pdf,Keep (form/reference),,
4633,Proposed Draft New Operational Rest Break Policy v0. 23 201017 PROPOSED,proposed-draft-new-operational-rest-break-policy-v0-23-201017-proposed-2,2020-03-25,pdf,https://lasunison.co.uk/wp-content/uploads/mdocs/Proposed Draft New Operational Rest Break Policy v0. 23 201017 PROPOSED.pdf,Keep (form/reference),,
4635,V.8 Fast Track Process Guidance and Flow Charts (003),v-8-fast-track-process-guidance-and-flow-charts-003-2,2020-03-25,pdf,https://lasunison.co.uk/wp-content/uploads/mdocs/V.8 Fast Track Process Guidance and Flow Charts (003).pdf,Keep (recent),,
4637,hr014grievancepolicy,hr014grievancepolicy-2,2020-03-25,pdf,https://lasunison.co.uk/wp-content/uploads/mdocs/hr014grievancepolicy.pdf,Keep (form/reference),,
4609,Section-2-application-process,section-2-application-process-3,2020-03-25,pdf,https://lasunison.co.uk/wp-content/uploads/mdocs/Section-2-application-process.pdf,Keep (form/reference),,
4611,afc_tc_of_service_handbook_fb,afc_tc_of_service_handbook_fb-2,2020-03-25,pdf,https://lasunison.co.uk/wp-content/uploads/mdocs/afc_tc_of_service_handbook_fb.pdf,Keep (recent),,
4613,annex e section 2 comparison guidance,annex-e-section-2-comparison-guidance-3,2020-03-25,pdf,https://lasunison.co.uk/wp-content/uploads/mdocs/annex e section 2 comparison guidance.pdf,Keep (recent),,
4615,jointunionambulanceparamedicbandingupdatesept2016,jointunionambulanceparamedicbandingupdatesept2016-2,2020-03-25,pdf,https://lasunison.co.uk/wp-content/uploads/mdocs/jointunionambulanceparamedicbandingupdatesept2016.pdf,Keep (recent),,
4617,pay-circular-afc-2-2015,pay-circular-afc-2-2015-2,2020-03-25,pdf,https://lasunison.co.uk/wp-content/uploads/mdocs/pay-circular-afc-2-2015.pdf,Keep (recent),,
4619,pay-circular-afc-3-2015,pay-circular-afc-3-2015-2,2020-03-25,pdf,https://lasunison.co.uk/wp-content/uploads/mdocs/pay-circular-afc-3-2015.pdf,Keep (recent),,
4621,paycircular12016,paycircular12016-2,2020-03-25,pdf,https://lasunison.co.uk/wp-content/uploads/mdocs/paycircular12016.pdf,Keep (recent),,
4591,AfC pay bands from 1 April 2017 - FINAL,afc-pay-bands-from-1-april-2017-final-2,2020-03-25,pdf,https://lasunison.co.uk/wp-content/uploads/mdocs/AfC pay bands from 1 April 2017 - FINAL.pdf,Keep (recent),,
4593,Ambulance annex 5 - Section 2 tool,ambulance-annex-5-section-2-tool-2,2020-03-25,vnd.openxmlformats-officedocument.spreadsheetml.sheet,https://lasunison.co.uk/wp-content/uploads/mdocs/Ambulance annex 5 - Section 2 tool.xlsx,Keep (recent),,
4595,Annex-2-Pay-bands-and-pay-points-on-the-second-pay-spine-in-England-from-1-April-2016,annex-2-pay-bands-and-pay-points-on-the-second-pay-spine-in-england-from-1-april-2016-2,2020-03-25,pdf,https://lasunison.co.uk/wp-content/uploads/mdocs/Annex-2-Pay-bands-and-pay-points-on-the-second-pay-spine-in-England-from-1-April-2016.pdf,Keep (recent),,
4597,Annex-9-High-cost-area-supplements,annex-9-high-cost-area-supplements-2,2020-03-25,pdf,https://lasunison.co.uk/wp-content/uploads/mdocs/Annex-9-High-cost-area-supplements.pdf,Keep (recent),,
4599,HC-047-17 NHS Pay consultation - attachment,hc-047-17-nhs-pay-consultation-attachment-2,2020-03-25,pdf,https://lasunison.co.uk/wp-content/uploads/mdocs/HC-047-17 NHS Pay consultation - attachment.pdf,Keep (recent),,
4601,HC-099-17 NHS pay - UNISON response to Budget,hc-099-17-nhs-pay-unison-response-to-budget-2,2020-03-25,pdf,https://lasunison.co.uk/wp-content/uploads/mdocs/HC-099-17 NHS pay - UNISON response to Budget.pdf,Keep (recent),,
4603,Joint Union Ambulance paramedic banding update,joint-union-ambulance-paramedic-banding-update-2,2020-03-25,pdf,https://lasunison.co.uk/wp-content/uploads/mdocs/Joint Union Ambulance paramedic banding update.pdf,Keep (recent),,
4605,Joint Union Notice Fast Track Position Sept 2017,joint-union-notice-fast-track-position-sept-2017-3,2020-03-25,pdf,https://lasunison.co.uk/wp-content/uploads/mdocs/Joint Union Notice Fast Track Position Sept 2017.pdf,Keep (recent),,
4607,Paramedic National Band 6 JD Final (Apr 2018),paramedic-national-band-6-jd-final-apr-2018-2,2020-03-25,pdf,https://lasunison.co.uk/wp-content/uploads/mdocs/Paramedic National Band 6 JD Final (Apr 2018).pdf,Keep (recent),,
4575,Newsletter jan 2017,newsletter-jan-2017-2,2020-03-25,pdf,https://lasunison.co.uk/wp-content/uploads/mdocs/Newsletter jan 2017.pdf,Keep (recent),,
4577,Newsletter march 2017,newsletter-march-2017-2,2020-03-25,pdf,https://lasunison.co.uk/wp-content/uploads/mdocs/Newsletter march 2017.pdf,Keep (recent),,
4579,There_for_You_Presentation_AGM_2019_-_Read-Only (1),there_for_you_presentation_agm_2019_-_read-only-1-2,2020-03-25,pdf,https://lasunison.co.uk/wp-content/uploads/mdocs/There_for_You_Presentation_AGM_2019_-_Read-Only (1).pdf,Keep (form/reference),,
4581,Winter2016,winter2016-2,2020-03-25,pdf,https://lasunison.co.uk/wp-content/uploads/mdocs/Winter2016.pdf,Keep (recent),,
4583,Young Members July 19,young-members-july-19-2,2020-03-25,pdf,https://lasunison.co.uk/wp-content/uploads/mdocs/Young Members July 19.pdf,Keep (recent),,
4585,newsletterservice-wide,newsletterservice-wide-3,2020-03-25,pdf,https://lasunison.co.uk/wp-content/uploads/mdocs/newsletterservice-wide.pdf,Keep (recent),,
4587,privatenewsletter2,privatenewsletter2-2,2020-03-25,pdf,https://lasunison.co.uk/wp-content/uploads/mdocs/privatenewsletter2.pdf,Keep (recent),,
4589,welfarenewslettersummer,welfarenewslettersummer-2,2020-03-25,pdf,https://lasunison.co.uk/wp-content/uploads/mdocs/welfarenewslettersummer.pdf,Keep (recent),,
4567,2015-12-01 CHSG Minutes,2015-12-01-chsg-minutes-2,2020-03-25,pdf,https://lasunison.co.uk/wp-content/uploads/mdocs/2015-12-01 CHSG Minutes.pdf,Keep (recent),,
4569,2016-11-14 CHSG Minutes,2016-11-14-chsg-minutes-2,2020-03-25,pdf,https://lasunison.co.uk/wp-content/uploads/mdocs/2016-11-14 CHSG Minutes.pdf,Keep (recent),,
4571,STAFF COUNCIL 24 02 17 FINALDRAFT (1),staff-council-24-02-17-finaldraft-1-2,2020-03-25,pdf,https://lasunison.co.uk/wp-content/uploads/mdocs/STAFF COUNCIL 24 02 17 FINALDRAFT (1).pdf,Keep (recent),,
4573,STAFF COUNCIL 9 5 17,staff-council-9-5-17-2,2020-03-25,pdf,https://lasunison.co.uk/wp-content/uploads/mdocs/STAFF COUNCIL 9 5 17.pdf,Keep (recent),,
4565,ambulance FINAL jointly agreed statement Nov 2017 (002),ambulance-final-jointly-agreed-statement-nov-2017-002-2,2020-03-25,pdf,https://lasunison.co.uk/wp-content/uploads/mdocs/ambulance FINAL jointly agreed statement Nov 2017 (002).pdf,Keep (recent),,
4545,4152_001 (1),4152_001-1-2,2020-03-25,pdf,https://lasunison.co.uk/wp-content/uploads/mdocs/4152_001 (1).pdf,Keep (recent),,
4547,EMT 4 Transition - 110119,emt-4-transition-110119-2,2020-03-25,pdf,https://lasunison.co.uk/wp-content/uploads/mdocs/EMT 4 Transition - 110119.pdf,Keep (recent),,
4549,EMT4 (UNISON Response),emt4-unison-response-2,2020-03-25,pdf,https://lasunison.co.uk/wp-content/uploads/mdocs/EMT4 (UNISON Response).pdf,Keep (recent),,
4551,Eric Roberts 210915,eric-roberts-210915-2,2020-03-25,pdf,https://lasunison.co.uk/wp-content/uploads/mdocs/Eric Roberts 210915.pdf,Keep (recent),,
4553,Eric Roberts 2109151,eric-roberts-2109151-2,2020-03-25,pdf,https://lasunison.co.uk/wp-content/uploads/mdocs/Eric Roberts 2109151.pdf,Keep (recent),,
4555,Eric Roberts 2109152,eric-roberts-2109152-2,2020-03-25,pdf,https://lasunison.co.uk/wp-content/uploads/mdocs/Eric Roberts 2109152.pdf,Keep (recent),,
4557,Eric Roberts 2109153,eric-roberts-2109153-2,2020-03-25,pdf,https://lasunison.co.uk/wp-content/uploads/mdocs/Eric Roberts 2109153.pdf,Keep (recent),,
4559,Eric Roberts 2109154,eric-roberts-2109154-2,2020-03-25,pdf,https://lasunison.co.uk/wp-content/uploads/mdocs/Eric Roberts 2109154.pdf,Keep (recent),,
4561,UNISON Annual Leave response,unison-annual-leave-response-2,2020-03-25,pdf,https://lasunison.co.uk/wp-content/uploads/mdocs/UNISON Annual Leave response.pdf,Keep (recent),,
4563,UNISON response to HCPC fee consultation Dec 2018,unison-response-to-hcpc-fee-consultation-dec-2018-2,2020-03-25,pdf,https://lasunison.co.uk/wp-content/uploads/mdocs/UNISON response to HCPC fee consultation Dec 2018.pdf,Keep (recent),,
4533,20190327_NHSI_Feedback_on_Consultation,20190327_nhsi_feedback_on_consultation-2,2020-03-25,pdf,https://lasunison.co.uk/wp-content/uploads/mdocs/20190327_NHSI_Feedback_on_Consultation.pdf,Keep (recent),,
4535,20190327_National_Ambulance_Vehicle_Specification_final,20190327_national_ambulance_vehicle_specification_final-2,2020-03-25,pdf,https://lasunison.co.uk/wp-content/uploads/mdocs/20190327_National_Ambulance_Vehicle_Specification_final.pdf,Keep (recent),,
4537,HCPC outcome of consultation,hcpc-outcome-of-consultation-2,2020-03-25,pdf,https://lasunison.co.uk/wp-content/uploads/mdocs/HCPC outcome of consultation.pdf,Keep (recent),,
4539,NHS+Staff+Council+Framework+agreement+21+March+2018,nhsstaffcouncilframeworkagreement21march2018-2,2020-03-25,pdf,https://lasunison.co.uk/wp-content/uploads/mdocs/NHS+Staff+Council+Framework+agreement+21+March+2018.pdf,Keep (recent),,
4541,NHS_staff_survey_2017_RRU_full,nhs_staff_survey_2017_rru_full-2,2020-03-25,pdf,https://lasunison.co.uk/wp-content/uploads/mdocs/NHS_staff_survey_2017_RRU_full.pdf,Keep (recent),,
4543,NHS_staff_survey_2017_RRU_sum,nhs_staff_survey_2017_rru_sum-2,2020-03-25,pdf,https://lasunison.co.uk/wp-content/uploads/mdocs/NHS_staff_survey_2017_RRU_sum.pdf,Keep (recent),,
4487,12june2016-mem,12june2016-mem-2,2020-03-25,pdf,https://lasunison.co.uk/wp-content/uploads/mdocs/12june2016-mem.pdf,Keep (recent),,
4489,12june2016-retire,12june2016-retire-2,2020-03-25,pdf,https://lasunison.co.uk/wp-content/uploads/mdocs/12june2016-retire.pdf,Keep (recent),,
4491,12june2016-wel,12june2016-wel-2,2020-03-25,pdf,https://lasunison.co.uk/wp-content/uploads/mdocs/12june2016-wel.pdf,Keep (recent),,
4493,BC - 15 Nov 16,bc-15-nov-16-2,2020-03-25,pdf,https://lasunison.co.uk/wp-content/uploads/mdocs/BC - 15 Nov 161.pdf,Keep (recent),,
4495,BC - 16 Feb 18,bc-16-feb-18-2,2020-03-25,pdf,https://lasunison.co.uk/wp-content/uploads/mdocs/BC - 16 Feb 18.pdf,Keep (recent),,
4497,BC - 20 Jan 18,bc-20-jan-18-2,2020-03-25,pdf,https://lasunison.co.uk/wp-content/uploads/mdocs/BC - 20 Jan 18.pdf,Keep (recent),,
4499,BC - 5 Feb 2019,bc-5-feb-2019-2,2020-03-25,pdf,https://lasunison.co.uk/wp-content/uploads/mdocs/BC - 5 Feb 2019.pdf,Keep (recent),,
4501,BS - 3 April 17,bs-3-april-17-2,2020-03-25,pdf,https://lasunison.co.uk/wp-content/uploads/mdocs/BS - 3 April 17.pdf,Keep (recent),,
4503,BS - EACS - 2 Aug 19,bs-eacs-2-aug-19-2,2020-03-25,pdf,https://lasunison.co.uk/wp-content/uploads/mdocs/BS - EACS - 2 Aug 19.pdf,Keep (recent),,
4505,BS - LAS UNISON Bulletin Rest Breaks - Aug 17,bs-las-unison-bulletin-rest-breaks-aug-17-2,2020-03-25,pdf,https://lasunison.co.uk/wp-content/uploads/mdocs/BS - LAS UNISON Bulletin Rest Breaks - Aug 17.pdf,Keep (recent),,
4507,BS April 17,bs-april-17-2,2020-03-25,pdf,https://lasunison.co.uk/wp-content/uploads/mdocs/BS April 17.pdf,Keep (recent),,
4509,Branch Sec - 06032020,branch-sec-06032020-2,2020-03-25,pdf,https://lasunison.co.uk/wp-content/uploads/mdocs/Branch Sec - 06032020.pdf,Keep (recent),,
4511,Comms - pay rates march 2019,comms-pay-rates-march-2019-2,2020-03-25,pdf,https://lasunison.co.uk/wp-content/uploads/mdocs/Comms - pay rates march 2019.pdf,Keep (recent),,
4513,Education - 12 Nov 2018,education-12-nov-2018-2,2020-03-25,pdf,https://lasunison.co.uk/wp-content/uploads/mdocs/Education - 12 Nov 2018.pdf,Keep (recent),,
4515,Education - 29 Apr 19,education-29-apr-19-2,2020-03-25,pdf,https://lasunison.co.uk/wp-content/uploads/mdocs/Education - 29 Apr 19.pdf,Keep (recent),,
4517,General - Pay proposal - April 2018,general-pay-proposal-april-2018-2,2020-03-25,pdf,https://lasunison.co.uk/wp-content/uploads/mdocs/General - Pay proposal - April 2018.pdf,Keep (recent),,
4519,General - Pay proposal - March 2018,general-pay-proposal-march-2018-2,2020-03-25,pdf,https://lasunison.co.uk/wp-content/uploads/mdocs/General - Pay proposal - March 2018.pdf,Keep (recent),,
4521,bc-25june2016,bc-25june2016-2,2020-03-25,pdf,https://lasunison.co.uk/wp-content/uploads/mdocs/bc-25june2016.pdf,Keep (recent),,
4523,bsblog-9july10,bsblog-9july10-2,2020-03-25,pdf,https://lasunison.co.uk/wp-content/uploads/mdocs/bsblog-9july10.pdf,Keep (recent),,
4525,comms-july16,comms-july16-2,2020-03-25,pdf,https://lasunison.co.uk/wp-content/uploads/mdocs/comms-july16.pdf,Keep (recent),,
4527,facebook15sep,facebook15sep-2,2020-03-25,pdf,https://lasunison.co.uk/wp-content/uploads/mdocs/facebook15sep.pdf,Keep (recent),,
4529,pay bulletin 2017,pay-bulletin-2017-2,2020-03-25,pdf,https://lasunison.co.uk/wp-content/uploads/mdocs/pay bulletin 2017.pdf,Keep (recent),,
4531,payrates2016,payrates2016-2,2020-03-25,pdf,https://lasunison.co.uk/wp-content/uploads/mdocs/payrates2016.pdf,Keep (recent),,
4473,12june2016-bc,12june2016-bc-2,2020-03-25,pdf,https://lasunison.co.uk/wp-content/uploads/mdocs/12june2016-bc.pdf,Keep (recent),,
4475,12june2016-comms,12june2016-comms-2,2020-03-25,pdf,https://lasunison.co.uk/wp-content/uploads/mdocs/12june2016-comms.pdf,Keep (recent),,
4477,12june2016-edu,12june2016-edu-2,2020-03-25,pdf,https://lasunison.co.uk/wp-content/uploads/mdocs/12june2016-edu.pdf,Keep (recent),,
4479,12june2016-eq,12june2016-eq-2,2020-03-25,pdf,https://lasunison.co.uk/wp-content/uploads/mdocs/12june2016-eq.pdf,Keep (recent),,
4481,12june2016-gen,12june2016-gen-2,2020-03-25,pdf,https://lasunison.co.uk/wp-content/uploads/mdocs/12june2016-gen.pdf,Keep (recent),,
4483,12june2016-hs,12june2016-hs-2,2020-03-25,pdf,https://lasunison.co.uk/wp-content/uploads/mdocs/12june2016-hs.pdf,Keep (recent),,
4485,12june2016-lab,12june2016-lab-2,2020-03-25,pdf,https://lasunison.co.uk/wp-content/uploads/mdocs/12june2016-lab.pdf,Keep (recent),,
4469,Update your details 2019,update-your-details-2019-2,2020-03-25,pdf,https://lasunison.co.uk/wp-content/uploads/mdocs/Update your details 2019.pdf,Keep (recent),,
4471,textalertletter,textalertletter-2,2020-03-25,pdf,https://lasunison.co.uk/wp-content/uploads/mdocs/textalertletter.pdf,Keep (recent),,
4461,2016rulebook1,2016rulebook1-2,2020-03-25,pdf,https://lasunison.co.uk/wp-content/uploads/mdocs/2016rulebook1.pdf,Keep (recent),,
4463,2018 Rule Book,2018-rule-book-2,2020-03-25,pdf,https://lasunison.co.uk/wp-content/uploads/mdocs/2018 Rule Book.pdf,Keep (recent),,
4465,24896_posteredit4,24896_posteredit4-2,2020-03-25,pdf,https://lasunison.co.uk/wp-content/uploads/mdocs/24896_posteredit4.pdf,Keep (form/reference),,
4467,AmbTodaytributetoEric,ambtodaytributetoeric-2,2020-03-25,pdf,https://lasunison.co.uk/wp-content/uploads/mdocs/AmbTodaytributetoEric.pdf,Keep (recent),,
4454,branch-10th-november-15,branch-10th-november-15-2,2020-03-25,pdf,https://lasunison.co.uk/wp-content/uploads/mdocs/branch-10th-november-15.pdf,Keep (recent),,
4456,branch12thjuly2016,branch12thjuly2016-2,2020-03-25,pdf,https://lasunison.co.uk/wp-content/uploads/mdocs/branch12thjuly2016.pdf,Keep (recent),,
4458,branch30thmarch2016,branch30thmarch2016-2,2020-03-25,pdf,https://lasunison.co.uk/wp-content/uploads/mdocs/branch30thmarch2016.pdf,Keep (recent),,
4414,2017-01-25 CHSG Minutes1,2017-01-25-chsg-minutes1-2,2020-03-25,pdf,https://lasunison.co.uk/wp-content/uploads/mdocs/2017-01-25 CHSG Minutes1.pdf,Keep (recent),,
4416,2018-05 staff council minutes Draft,2018-05-staff-council-minutes-draft-2,2020-03-25,pdf,https://lasunison.co.uk/wp-content/uploads/mdocs/2018-05 staff council minutes Draft.pdf,Keep (recent),,
4418,2018-07 OPF minutes DRAFT,2018-07-opf-minutes-draft-2,2020-03-25,pdf,https://lasunison.co.uk/wp-content/uploads/mdocs/2018-07 OPF minutes DRAFT.pdf,Keep (recent),,
4420,Branch11thApril2018,branch11thapril2018-2,2020-03-25,pdf,https://lasunison.co.uk/wp-content/uploads/mdocs/Branch11thApril2018.pdf,Keep (recent),,
4422,Branch13thApril2017,branch13thapril2017-2,2020-03-25,pdf,https://lasunison.co.uk/wp-content/uploads/mdocs/Branch13thApril2017.pdf,Keep (recent),,
4424,Branch13thJune2017,branch13thjune2017-2,2020-03-25,pdf,https://lasunison.co.uk/wp-content/uploads/mdocs/Branch13thJune2017.pdf,Keep (recent),,
4426,Branch15thAugust2018,branch15thaugust2018-2,2020-03-25,pdf,https://lasunison.co.uk/wp-content/uploads/mdocs/Branch15thAugust2018.pdf,Keep (recent),,
4428,Branch16thJanuary2017,branch16thjanuary2017-2,2020-03-25,pdf,https://lasunison.co.uk/wp-content/uploads/mdocs/Branch16thJanuary2017.pdf,Keep (recent),,
4430,Branch17thFebruary2017,branch17thfebruary2017-2,2020-03-25,pdf,https://lasunison.co.uk/wp-content/uploads/mdocs/Branch17thFebruary2017.pdf,Keep (recent),,
4432,Branch17thMarch2017,branch17thmarch2017-2,2020-03-25,pdf,https://lasunison.co.uk/wp-content/uploads/mdocs/Branch17thMarch2017.pdf,Keep (recent),,
4434,Branch17thMay2017,branch17thmay2017-2,2020-03-25,pdf,https://lasunison.co.uk/wp-content/uploads/mdocs/Branch17thMay2017.pdf,Keep (recent),,
4436,Branch6thDecember2016,branch6thdecember2016-2,2020-03-25,pdf,https://lasunison.co.uk/wp-content/uploads/mdocs/Branch6thDecember2016.pdf,Keep (recent),,
4438,Minutes Clinical Education Standards Sub Group Mtg Wednesday 25th October 2017,minutes-clinical-education-standards-sub-group-mtg-wednesday-25th-october-2017-2,2020-03-25,pdf,https://lasunison.co.uk/wp-content/uploads/mdocs/Minutes Clinical Education Standards Sub Group Mtg Wednesday 25th October 2017.pdf,Keep (recent),,
4440,OPF MINUTES 07 08 17,opf-minutes-07-08-17-2,2020-03-25,pdf,https://lasunison.co.uk/wp-content/uploads/mdocs/OPF MINUTES 07 08 17.pdf,Keep (recent),,
4442,OPF MINUTES 11 10 16,opf-minutes-11-10-16-2,2020-03-25,pdf,https://lasunison.co.uk/wp-content/uploads/mdocs/OPF MINUTES 11 10 16.pdf,Keep (recent),,
4444,OPF MINUTES 24 01 2017 - Final,opf-minutes-24-01-2017-final-2,2020-03-25,pdf,https://lasunison.co.uk/wp-content/uploads/mdocs/OPF MINUTES 24 01 2017 - Final.pdf,Keep (recent),,
4446,Vehicle Working Group 011216,vehicle-working-group-011216-2,2020-03-25,pdf,https://lasunison.co.uk/wp-content/uploads/mdocs/Vehicle Working Group 011216.pdf,Keep (recent),,
4448,Vehicle Working Group 050418 (1),vehicle-working-group-050418-1-2,2020-03-25,pdf,https://lasunison.co.uk/wp-content/uploads/mdocs/Vehicle Working Group 050418 (1).pdf,Keep (recent),,
4450,Vehicle Working Group 081117,vehicle-working-group-081117-2,2020-03-25,pdf,https://lasunison.co.uk/wp-content/uploads/mdocs/Vehicle Working Group 081117.pdf,Keep (recent),,
4452,Vehicle Working Group 160218,vehicle-working-group-160218-2,2020-03-25,pdf,https://lasunison.co.uk/wp-content/uploads/mdocs/Vehicle Working Group 160218.pdf,Keep (recent),,
4410,Letter to AACE regarding PPE,letter-to-aace-regarding-ppe-2,2020-03-25,pdf,https://lasunison.co.uk/wp-content/uploads/mdocs/AACE letter final.pdf,Keep (recent),,
4404,UNISON letter to SOS regarding PPE,unison-letter-to-sos-regarding-ppe-2,2020-03-25,pdf,https://lasunison.co.uk/wp-content/uploads/mdocs/2020 03 25 SG letter to SoS re PPE.pdf,Keep (recent),,
5389,CASE Form,case-form-2,2018-08-20,pdf,https://lasunison.co.uk/wp-content/uploads/mdocs/case form aug 2018.pdf,Keep (form/reference),,
3071,Click here to download a flyer,agm-invite-2018,2018-02-24,pdf,https://lasunison.co.uk/wp-content/uploads/2017/02/AGM-Invite-2018.pdf,Review by date,,
2559,labour link news letter dec16,labour-link-news-letter-dec16,2016-12-18,pdf,https://lasunison.co.uk/wp-content/uploads/2016/12/labour-link-news-letter-dec16.pdf,Review by date,,
4401,Update regarding progress towards implementation of Band 6 for Paramedics,update-regarding-progress-towards-implementation-of-band-6-for-paramedics-2,2016-11-15,pdf,https://lasunison.co.uk/wp-content/uploads/mdocs/BC - 15 Nov 16.pdf,Review by date,,
2104,privatenewsletter2,privatenewsletter2,2016-06-18,pdf,https://lasunison.co.uk/wp-content/uploads/2016/05/privatenewsletter2.pdf,Review by date,,
1838,pay rates 2016,pay-rates-2016,2016-05-28,pdf,https://lasunison.co.uk/wp-content/uploads/2016/05/pay-rates-2016.pdf,Review by date,,
1833,Pay Circular,pay-circular-1-2016,2016-05-28,pdf,https://lasunison.co.uk/wp-content/uploads/2016/05/Pay-Circular-1-2016.pdf,Review by date,,
1710,ERRBO Flyer Final Version (003),errbo-flyer-final-version-003,2016-05-25,pdf,https://lasunison.co.uk/wp-content/uploads/2016/05/ERRBO-Flyer-Final-Version-003.pdf,Review by date,,
1692,UNISON Welfare Newsletter may 2016 (003),unison-welfare-newsletter-may-2016-003,2016-05-23,pdf,https://lasunison.co.uk/wp-content/uploads/2015/12/UNISON-Welfare-Newsletter-may-2016-003.pdf,Review by date,,
971,Download the Summary,nhs_staff_survey_2014_rru_sum,2015-03-07,pdf,https://lasunison.co.uk/wp-content/uploads/2015/03/nhs_staff_survey_2014_rru_sum.pdf,Review by date,,
970,Download the Staff survey for the London Ambulance Service,nhs_staff_survey_2014_rru_full,2015-03-07,pdf,https://lasunison.co.uk/wp-content/uploads/2015/03/nhs_staff_survey_2014_rru_full.pdf,Review by date,,
954,Frequently Asked Questions for members,hc-016-15_nhs_pay_proposals_ballot_attachment_3_-_member_faqs,2015-02-05,pdf,https://lasunison.co.uk/wp-content/uploads/2015/02/HC-016-15_NHS_pay_proposals_ballot_attachment_3_-_Member_FAQs.pdf,Review by date,,
953,Stewards’ briefing to assist you and branch reps to explain to members how the proposals could affect them,hc-016-15_nhs_pay_proposals_ballot_attachment_2_-_stewards_briefing,2015-02-05,pdf,https://lasunison.co.uk/wp-content/uploads/2015/02/HC-016-15_NHS_pay_proposals_ballot_attachment_2_-_Stewards_briefing.pdf,Review by date,,
951,HC-016-15_NHS_pay_proposals_ballot_2015-16,hc-016-15_nhs_pay_proposals_ballot_2015-16,2015-02-05,pdf,https://lasunison.co.uk/wp-content/uploads/2015/02/HC-016-15_NHS_pay_proposals_ballot_2015-16.pdf,Review by date,,
952,"A4 2 sided letter from Head of Health Christina McAnea, giving the outline elements of the proposals and encouraging members to have their say in the consultation",hc-016-15_nhs_pay_proposals_ballot_attachment_1_-_a4_2sided_ballot_insert_letter,2015-02-05,pdf,https://lasunison.co.uk/wp-content/uploads/2015/02/HC-016-15_NHS_pay_proposals_ballot_attachment_1_-_A4_2sided_ballot_insert_letter.pdf,Review by date,,
947,Click here to download and read the offer letter from Jeremy Hunt to Christina which the SGE agreed to consult members on.,jhunt-to-cmcanea-210115,2015-01-28,pdf,https://lasunison.co.uk/wp-content/uploads/2015/01/JHunt-to-CMcAnea-210115.pdf,Review by date,,
913,Click Here to download a PDF version of the Ambulance pay newsletter Sept 2014,ambulance-pay-newsletter-sept-2014,2014-09-16,pdf,https://lasunison.co.uk/wp-content/uploads/2014/09/Ambulance-pay-newsletter-Sept-2014.pdf,Review by date,,
910,Click Here to Download the Letter,hc-072-14-nhs-pay-2015-16-england-attachment-1,2014-09-12,pdf,https://lasunison.co.uk/wp-content/uploads/2014/09/HC-072-14-NHS-Pay-2015-16-England-attachment-1.pdf,Review by date,,
909,HC-072-14 NHS Pay 2015-16 (England),hc-072-14-nhs-pay-2015-16-england,2014-09-12,pdf,https://lasunison.co.uk/wp-content/uploads/2014/09/HC-072-14-NHS-Pay-2015-16-England.pdf,Review by date,,
899,Health Ballot 2014 - Vote YES Leaflet,health-ballot-2014-vote-yes-leaflet,2014-08-07,pdf,https://lasunison.co.uk/wp-content/uploads/2014/08/Health-Ballot-2014-Vote-YES-Leaflet.pdf,Review by date,,
881,Download this as a PDF for display in your workplace﻿,pension-choice-2,2014-04-12,pdf,https://lasunison.co.uk/wp-content/uploads/2014/04/Pension-Choice-2.pdf,Review by date,,
872,Download the National NHS staff survey - Brief summary,nhs_staff_survey_2013_rru_sum,2014-02-27,pdf,https://lasunison.co.uk/wp-content/uploads/2014/02/NHS_staff_survey_2013_RRU_sum.pdf,Review by date,,
871,Download the 2013 staff survey results - executive summary,2013_staff_survey_results_exec_summary,2014-02-27,pdf,https://lasunison.co.uk/wp-content/uploads/2014/02/2013_staff_survey_results_exec_summary.pdf,Review by date,,
865,Click here to download this for display in your workplace,unison-update-on-ambulance-unsocial-hours-negotiations,2014-01-30,pdf,https://lasunison.co.uk/wp-content/uploads/2014/01/UNISON-update-on-ambulance-unsocial-hours-negotiations.pdf,Review by date,,
809,Click here to download the UNISON submission to Working Longer review Sept 2013,unison-submission-to-working-longer-review-sept-2013,2013-09-11,pdf,https://lasunison.co.uk/wp-content/uploads/2013/09/UNISON-submission-to-Working-Longer-review-Sept-2013.pdf,Review by date,,
806,BS Annex E - 09 September 2013,bs-annex-e-09-september-2013,2013-09-09,pdf,https://lasunison.co.uk/wp-content/uploads/2013/09/BS-Annex-E-09-September-2013.pdf,Review by date,,
800,unsocial hours response - Unison,unsocial-hours-response-unison,2013-09-03,pdf,https://lasunison.co.uk/wp-content/uploads/2013/09/unsocial-hours-response-Unison.pdf,Review by date,,
799,HR bulletin_Unsocial hours payments_30Aug2013l,hr-bulletin_unsocial-hours-payments_30aug2013l,2013-09-03,pdf,https://lasunison.co.uk/wp-content/uploads/2013/09/HR-bulletin_Unsocial-hours-payments_30Aug2013l.pdf,Review by date,,
798,Annex E Letter to Tony Crabtree,annex-e-letter-to-tony-crabtree,2013-09-03,pdf,https://lasunison.co.uk/wp-content/uploads/2013/09/Annex-E-Letter-to-Tony-Crabtree.pdf,Review by date,,
797,Annex E Formal Dispute,annex-e-formal-dispute,2013-09-03,pdf,https://lasunison.co.uk/wp-content/uploads/2013/09/Annex-E-Formal-Dispute.pdf,Keep (form/reference),,
775,Download Tables showing exact deductions per pay band,tables,2013-07-25,pdf,https://lasunison.co.uk/wp-content/uploads/2013/07/Tables.pdf,Review by date,,
773,Click here for a joint GMB/UNITE poster for your workplace,21745_unsocialhours_jointunions_1st,2013-07-25,pdf,https://lasunison.co.uk/wp-content/uploads/2013/07/21745_UNsocialhours_jointunions_1st.pdf,Keep (form/reference),,
774,View common FAQs,faqs,2013-07-25,pdf,https://lasunison.co.uk/wp-content/uploads/2013/07/FAQs.pdf,Review by date,,
772,Click here to download a poster for your workplace,21719_unsocial_hours_poster_3rd,2013-07-25,pdf,https://lasunison.co.uk/wp-content/uploads/2013/07/21719_Unsocial_hours_Poster_3rd.pdf,Keep (form/reference),,
771,Click here to download more information,21718_unsocial_hours_clock_version_3rd,2013-07-25,pdf,https://lasunison.co.uk/wp-content/uploads/2013/07/21718_Unsocial_hours_clock_version_3rd.pdf,Keep (form/reference),,
768,Letter to UNISON,unisonletterv3,2013-07-25,pdf,https://lasunison.co.uk/wp-content/uploads/2013/07/UNISONletterv3.pdf,Review by date,,
767,UNISON response to 5th July 2013 letter,unison-response-to-5th-july-2013-letter,2013-07-25,pdf,https://lasunison.co.uk/wp-content/uploads/2013/07/UNISON-response-to-5th-July-2013-letter.pdf,Review by date,,
762,Click here to download the new Case management form,case-management-form-rev-july-2013,2013-07-16,pdf,https://lasunison.co.uk/wp-content/uploads/2013/07/Case-management-form-rev-july-2013.pdf,Keep (form/reference),,
729,LAS Response to consultation report,27-06-2013_response_to_consultation_report,2013-07-01,pdf,https://lasunison.co.uk/wp-content/uploads/2013/06/27-06-2013_response_to_consultation_report.pdf,Review by date,,
720,Click here to download a PDF,response-to-unison-050613-2,2013-06-11,pdf,https://lasunison.co.uk/wp-content/uploads/2013/06/response-to-Unison-050613-2.pdf,Review by date,,
708,capacity_modelling_review_-_15_april_2013,capacity_modelling_review_-_15_april_2013,2013-05-12,pdf,https://lasunison.co.uk/wp-content/uploads/2013/04/capacity_modelling_review_-_15_april_2013.pdf,Review by date,,
705,Click here to download the AES Survey plus Appendix 01_05_2013,aes-survey-plus-appendix-01_05_2013,2013-05-12,pdf,https://lasunison.co.uk/wp-content/uploads/2013/05/AES-Survey-plus-Appendix-01_05_2013.pdf,Review by date,,
702,Click here to download a PDF,time-for-change-unison-response,2013-05-12,pdf,https://lasunison.co.uk/wp-content/uploads/2013/05/Time-For-Change-Unison-Response.pdf,Review by date,,
686,Annual Leave Arrangements - FINAL DRAFT - 17Apr13,annual-leave-arrangements-final-draft-17apr13,2013-04-27,pdf,https://lasunison.co.uk/wp-content/uploads/2013/04/Annual-Leave-Arrangements-FINAL-DRAFT-17Apr13.pdf,Review by date,,
685,Active Area Cover Arrangements - FINAL DRAFT - 17Apr13,active-area-cover-arrangements-final-draft-17apr13,2013-04-27,pdf,https://lasunison.co.uk/wp-content/uploads/2013/04/Active-Area-Cover-Arrangements-FINAL-DRAFT-17Apr13.pdf,Review by date,,
684,Rest Break Arrangements - FINAL DRAFT - 17Apr13,rest-break-arrangements-final-draft-17apr13,2013-04-27,pdf,https://lasunison.co.uk/wp-content/uploads/2013/04/Rest-Break-Arrangements-FINAL-DRAFT-17Apr13.pdf,Review by date,,
683,A Time For Change Document,patient-care-a5-v21,2013-04-27,pdf,https://lasunison.co.uk/wp-content/uploads/2013/04/Patient-Care-A5-v21.pdf,Review by date,,
678,Click Here to download the above in a bulletin for display in your workplace,bs-26-april-2013,2013-04-26,pdf,https://lasunison.co.uk/wp-content/uploads/2013/04/BS-26-April-2013.pdf,Review by date,,
655,HC- 010-13 Consultation on the Agenda for Change Proposals in England shows support for acceptance,hc-010-13-consultation-on-the-agenda-for-change-proposals-in-england-shows-support-for-acceptance,2013-02-16,pdf,https://lasunison.co.uk/wp-content/uploads/2013/02/HC-010-13-Consultation-on-the-Agenda-for-Change-Proposals-in-England-shows-support-for-acceptance.pdf,Review by date,,
631,Agenda for Change Proposals,hc-103-12-agenda-for-change-proposals-attachment-1,2012-12-15,pdf,https://lasunison.co.uk/wp-content/uploads/2012/12/HC-103-12-Agenda-for-Change-Proposals-attachment-1.pdf,Review by date,,
566,You can download a copy by clicking here,20704,2012-04-04,pdf,https://lasunison.co.uk/wp-content/uploads/2012/04/20704.pdf,Review by date,,
560,Click here to download the Proposed Final Agreement,proposed-final-agreement-march-9-2012-1,2012-03-10,pdf,https://lasunison.co.uk/wp-content/uploads/2012/03/Proposed-Final-Agreement-March-9-2012-1.pdf,Review by date,,
544,Click here to read the full results of all regions.,ambulance-ballot-results-4th-jan-2011,2012-01-04,pdf,https://lasunison.co.uk/wp-content/uploads/2012/01/Ambulance-Ballot-Results-4th-Jan-2011.pdf,Review by date,,
539,Download the advert for the pensions ballot to display in your workplace.,advert-pensions-ballot,2011-12-11,pdf,https://lasunison.co.uk/wp-content/uploads/2011/12/advert-pensions-ballot.pdf,Review by date,,
497,Download this story as a PDF by clicking here,30-nov-day-of-action,2011-11-27,pdf,https://lasunison.co.uk/wp-content/uploads/2011/11/30-Nov-day-of-action.pdf,Review by date,,
490,Download full document here,protocol-for-ia-30-nov-2011,2011-11-21,pdf,https://lasunison.co.uk/wp-content/uploads/2011/11/Protocol-for-IA-30-Nov-2011.pdf,Review by date,,
484,Click here to download a bulletin for your workplace,day-of-action-nov,2011-11-17,pdf,https://lasunison.co.uk/wp-content/uploads/2011/11/Day-of-Action-Nov.pdf,Review by date,,
481,You can download a bulletin to display in your workplace by clicking here,chair-08-november-2011-2,2011-11-09,pdf,https://lasunison.co.uk/wp-content/uploads/2011/11/Chair-08-November-20111.pdf,Review by date,,
476,You can download a bulletin to display in your workplace by clicking here﻿﻿,chair-08-november-2011,2011-11-08,pdf,https://lasunison.co.uk/wp-content/uploads/2011/11/Chair-08-November-2011.pdf,Review by date,,
467,Pensions Dispute FAQ's,pensions-dispute-faqs,2011-10-16,pdf,https://lasunison.co.uk/wp-content/uploads/2011/10/Pensions-Dispute-FAQs.pdf,Review by date,,
